Shoe_ID,Brand,Shoe_Type,Price,Offer_Percent,Offer_Price
S0001,Nike,Casual,134,0,134.0
S0002,Nike,Casual,180,25,135.0
S0003,Puma,Sports,112,30,78.4
S0004,Woodland,Sandals,57,15,48.45
S0005,Adidas,Running,76,20,60.8
S0006,Vans,Running,151,20,120.8
S0007,Converse,Formal,113,25,84.75
S0008,Converse,Training,146,10,131.4
S0009,Woodland,Sneakers,95,0,95.0
S0010,Vans,Formal,153,15,130.05
S0011,Vans,Sneakers,74,20,59.2
S0012,Converse,Sneakers,101,20,80.8
S0013,Vans,Sports,196,15,166.6
S0014,Vans,Running,150,25,112.5
S0015,Clarks,Training,56,25,42.0
S0016,Vans,Formal,150,25,112.5
S0017,Clarks,Sneakers,101,30,70.7
S0018,Adidas,Training,163,30,114.1
S0019,Puma,Running,115,25,86.25
S0020,HushPuppies,Sandals,170,0,170.0
S0021,Converse,Sandals,174,20,139.2
S0022,Nike,Sports,84,0,84.0
S0023,Vans,Casual,171,20,136.8
S0024,Puma,Running,71,20,56.8
S0025,Vans,Formal,73,10,65.7
S0026,HushPuppies,Sneakers,63,10,56.7
S0027,Clarks,Training,188,25,141.0
S0028,Converse,Formal,150,30,105.0
S0029,Converse,Casual,66,10,59.4
S0030,Clarks,Sports,54,10,48.6
S0031,Adidas,Casual,127,0,127.0
S0032,Adidas,Sneakers,146,0,146.0
S0033,Converse,Sneakers,67,10,60.3
S0034,Adidas,Casual,150,25,112.5
S0035,Vans,Sandals,104,0,104.0
S0036,Reebok,Sports,109,15,92.65
S0037,HushPuppies,Formal,126,30,88.2
S0038,Adidas,Sports,157,25,117.75
S0039,Converse,Running,96,10,86.4
S0040,Converse,Casual,120,10,108.0
S0041,Clarks,Sports,128,30,89.6
S0042,Converse,Sneakers,159,30,111.3
S0043,Converse,Sandals,149,25,111.75
S0044,Reebok,Running,163,20,130.4
S0045,Vans,Sneakers,184,25,138.0
S0046,Woodland,Formal,90,25,67.5
S0047,Vans,Sandals,144,20,115.2
S0048,Adidas,Running,51,30,35.7
S0049,Woodland,Sports,93,0,93.0
S0050,Reebok,Sneakers,105,15,89.25
S0051,Converse,Formal,186,25,139.5
S0052,Reebok,Formal,86,0,86.0
S0053,Converse,Sneakers,180,25,135.0
S0054,Woodland,Casual,84,0,84.0
S0055,Puma,Running,132,0,132.0
S0056,Nike,Sports,136,0,136.0
S0057,Woodland,Casual,62,15,52.7
S0058,Reebok,Sports,102,25,76.5
S0059,Vans,Sneakers,194,10,174.6
S0060,Clarks,Running,148,20,118.4
S0061,Converse,Sandals,108,30,75.6
S0062,Reebok,Formal,199,20,159.2
S0063,Adidas,Casual,169,0,169.0
S0064,Vans,Training,182,25,136.5
S0065,Reebok,Running,183,0,183.0
S0066,Vans,Sneakers,193,30,135.1
S0067,Adidas,Casual,183,20,146.4
S0068,Adidas,Training,70,20,56.0
S0069,HushPuppies,Formal,168,20,134.4
S0070,Reebok,Casual,57,0,57.0
S0071,Nike,Running,96,20,76.8
S0072,Vans,Sandals,138,20,110.4
S0073,Nike,Running,61,10,54.9
S0074,Adidas,Casual,103,25,77.25
S0075,Puma,Formal,196,0,196.0
S0076,Reebok,Sports,55,15,46.75
S0077,Vans,Sports,106,25,79.5
S0078,Clarks,Formal,134,15,113.9
S0079,Clarks,Sandals,79,25,59.25
S0080,Puma,Training,102,15,86.7
S0081,Clarks,Sneakers,129,0,129.0
S0082,Converse,Sports,77,0,77.0
S0083,Reebok,Sports,110,30,77.0
S0084,Nike,Training,182,30,127.4
S0085,HushPuppies,Running,75,0,75.0
S0086,HushPuppies,Casual,190,0,190.0
S0087,HushPuppies,Training,194,10,174.6
S0088,Reebok,Formal,123,10,110.7
S0089,Adidas,Formal,183,20,146.4
S0090,Vans,Casual,124,20,99.2
S0091,Vans,Sneakers,160,30,112.0
S0092,Clarks,Formal,145,30,101.5
S0093,Vans,Sports,124,0,124.0
S0094,Woodland,Sandals,105,20,84.0
S0095,HushPuppies,Running,127,10,114.3
S0096,Adidas,Formal,71,0,71.0
S0097,Puma,Sandals,95,30,66.5
S0098,Adidas,Training,101,15,85.85
S0099,Vans,Casual,106,25,79.5
S0100,Nike,Formal,159,15,135.15
S0101,Adidas,Formal,159,10,143.1
S0102,Puma,Sports,60,15,51.0
S0103,Reebok,Training,113,25,84.75
S0104,Reebok,Running,90,30,63.0
S0105,Puma,Training,113,0,113.0
S0106,Converse,Sneakers,70,10,63.0
S0107,Adidas,Formal,194,25,145.5
S0108,Nike,Sandals,82,20,65.6
S0109,Clarks,Sneakers,68,25,51.0
S0110,Converse,Sandals,81,10,72.9
S0111,Adidas,Running,65,15,55.25
S0112,Vans,Training,80,30,56.0
S0113,HushPuppies,Training,58,0,58.0
S0114,Vans,Formal,110,30,77.0
S0115,Woodland,Sneakers,181,20,144.8
S0116,Nike,Casual,110,20,88.0
S0117,Woodland,Sandals,152,0,152.0
S0118,Woodland,Running,69,30,48.3
S0119,HushPuppies,Training,95,20,76.0
S0120,Reebok,Training,149,10,134.1
S0121,Adidas,Sports,66,20,52.8
S0122,Reebok,Sandals,172,20,137.6
S0123,Reebok,Formal,166,20,132.8
S0124,Converse,Sports,198,15,168.3
S0125,Converse,Training,59,15,50.15
S0126,Clarks,Sandals,80,20,64.0
S0127,Reebok,Running,158,15,134.3
S0128,Woodland,Sneakers,127,20,101.6
S0129,Nike,Casual,85,25,63.75
S0130,Reebok,Formal,122,10,109.8
S0131,Puma,Training,72,0,72.0
S0132,HushPuppies,Sneakers,126,15,107.1
S0133,Nike,Sneakers,55,10,49.5
S0134,HushPuppies,Running,179,15,152.15
S0135,Nike,Sports,92,20,73.6
S0136,Vans,Running,121,0,121.0
S0137,Adidas,Casual,83,25,62.25
S0138,HushPuppies,Sandals,80,25,60.0
S0139,HushPuppies,Formal,100,20,80.0
S0140,Clarks,Sneakers,165,0,165.0
S0141,Nike,Sports,113,20,90.4
S0142,Nike,Training,103,15,87.55
S0143,Woodland,Sandals,179,25,134.25
S0144,Clarks,Sports,99,15,84.15
S0145,Adidas,Sports,56,25,42.0
S0146,Converse,Casual,83,30,58.1
S0147,Converse,Sneakers,177,0,177.0
S0148,Reebok,Running,91,25,68.25
S0149,Converse,Training,101,25,75.75
S0150,HushPuppies,Sandals,134,0,134.0
S0151,Nike,Training,139,30,97.3
S0152,Converse,Training,146,10,131.4
S0153,Nike,Sandals,113,15,96.05
S0154,Puma,Running,176,15,149.6
S0155,Clarks,Sports,182,10,163.8
S0156,Nike,Formal,98,20,78.4
S0157,Puma,Sports,151,10,135.9
S0158,HushPuppies,Running,89,25,66.75
S0159,Nike,Casual,78,15,66.3
S0160,Vans,Sneakers,159,30,111.3
S0161,Reebok,Formal,177,30,123.9
S0162,Nike,Formal,101,15,85.85
S0163,Clarks,Running,105,15,89.25
S0164,HushPuppies,Training,92,15,78.2
S0165,Adidas,Sandals,68,15,57.8
S0166,Vans,Running,128,20,102.4
S0167,Adidas,Sports,115,10,103.5
S0168,Vans,Casual,185,25,138.75
S0169,Vans,Sneakers,168,30,117.6
S0170,HushPuppies,Sneakers,72,25,54.0
S0171,HushPuppies,Training,167,0,167.0
S0172,Vans,Sandals,172,15,146.2
S0173,Converse,Sneakers,150,0,150.0
S0174,Woodland,Casual,94,30,65.8
S0175,Vans,Training,82,25,61.5
S0176,Puma,Running,95,0,95.0
S0177,Woodland,Sandals,107,15,90.95
S0178,Puma,Training,111,25,83.25
S0179,Nike,Formal,53,0,53.0
S0180,Puma,Sports,179,20,143.2
S0181,Converse,Formal,97,10,87.3
S0182,Adidas,Casual,118,25,88.5
S0183,Reebok,Training,79,10,71.1
S0184,Woodland,Formal,75,10,67.5
S0185,Nike,Formal,124,30,86.8
S0186,Clarks,Sneakers,98,25,73.5
S0187,Clarks,Sandals,199,10,179.1
S0188,Woodland,Sneakers,60,15,51.0
S0189,Puma,Sports,100,0,100.0
S0190,Nike,Training,147,15,124.95
S0191,Converse,Formal,195,10,175.5
S0192,Vans,Sports,65,30,45.5
S0193,Vans,Training,50,20,40.0
S0194,Clarks,Training,104,0,104.0
S0195,Adidas,Running,179,10,161.1
S0196,Vans,Sports,133,0,133.0
S0197,Adidas,Sneakers,70,10,63.0
S0198,HushPuppies,Training,171,30,119.7
S0199,Adidas,Formal,133,25,99.75
S0200,Converse,Sandals,150,0,150.0
S0201,Puma,Running,192,0,192.0
S0202,Clarks,Training,107,30,74.9
S0203,Nike,Sneakers,143,20,114.4
S0204,Woodland,Training,89,30,62.3
S0205,Puma,Sports,73,20,58.4
S0206,Woodland,Sneakers,75,30,52.5
S0207,Puma,Sneakers,126,25,94.5
S0208,Converse,Sandals,130,15,110.5
S0209,Converse,Sneakers,86,25,64.5
S0210,Reebok,Sandals,183,30,128.1
S0211,Woodland,Sandals,54,0,54.0
S0212,Clarks,Running,126,30,88.2
S0213,Nike,Sandals,86,15,73.1
S0214,Puma,Sandals,148,30,103.6
S0215,Adidas,Formal,65,30,45.5
S0216,Reebok,Sneakers,197,20,157.6
S0217,Nike,Sports,66,0,66.0
S0218,Woodland,Running,182,0,182.0
S0219,Puma,Casual,139,0,139.0
S0220,Converse,Sandals,86,15,73.1
S0221,Adidas,Sports,150,25,112.5
S0222,Converse,Sandals,165,0,165.0
S0223,Adidas,Training,146,25,109.5
S0224,Clarks,Training,53,25,39.75
S0225,HushPuppies,Sports,150,30,105.0
S0226,Vans,Casual,124,25,93.0
S0227,Vans,Sports,61,30,42.7
S0228,Reebok,Sports,194,15,164.9
S0229,Converse,Running,75,30,52.5
S0230,Reebok,Sneakers,123,20,98.4
S0231,Woodland,Running,148,10,133.2
S0232,HushPuppies,Sneakers,186,0,186.0
S0233,Vans,Training,94,30,65.8
S0234,Clarks,Sports,176,10,158.4
S0235,Vans,Training,145,15,123.25
S0236,HushPuppies,Sandals,176,20,140.8
S0237,Vans,Training,93,20,74.4
S0238,Reebok,Sports,194,15,164.9
S0239,Vans,Casual,95,0,95.0
S0240,Nike,Sports,136,25,102.0
S0241,Puma,Training,135,15,114.75
S0242,Reebok,Formal,172,25,129.0
S0243,Converse,Casual,128,10,115.2
S0244,Vans,Formal,125,25,93.75
S0245,HushPuppies,Sports,106,20,84.8
S0246,Clarks,Sports,63,15,53.55
S0247,Reebok,Sports,133,10,119.7
S0248,Vans,Sneakers,121,30,84.7
S0249,Vans,Sneakers,183,25,137.25
S0250,Vans,Formal,186,20,148.8
S0251,HushPuppies,Casual,200,25,150.0
S0252,Woodland,Casual,159,10,143.1
S0253,Nike,Sports,99,10,89.1
S0254,Converse,Sneakers,193,10,173.7
S0255,Reebok,Sandals,136,20,108.8
S0256,Adidas,Sandals,87,0,87.0
S0257,Clarks,Formal,168,0,168.0
S0258,Adidas,Sandals,134,30,93.8
S0259,Woodland,Sports,149,20,119.2
S0260,Converse,Sports,106,0,106.0
S0261,Puma,Sandals,184,20,147.2
S0262,Converse,Sneakers,134,30,93.8
S0263,Converse,Running,58,0,58.0
S0264,Clarks,Running,109,30,76.3
S0265,Woodland,Sandals,126,0,126.0
S0266,Reebok,Training,67,30,46.9
S0267,Reebok,Sandals,134,0,134.0
S0268,Puma,Running,178,30,124.6
S0269,Converse,Running,193,0,193.0
S0270,Adidas,Training,75,20,60.0
S0271,Puma,Sneakers,122,30,85.4
S0272,Puma,Sneakers,103,15,87.55
S0273,Puma,Training,148,10,133.2
S0274,Reebok,Sneakers,116,20,92.8
S0275,Puma,Running,152,25,114.0
S0276,HushPuppies,Running,58,10,52.2
S0277,Clarks,Casual,117,15,99.45
S0278,Puma,Running,188,15,159.8
S0279,Woodland,Running,131,20,104.8
S0280,HushPuppies,Training,175,20,140.0
S0281,Puma,Sandals,56,10,50.4
S0282,Nike,Casual,128,25,96.0
S0283,Nike,Training,93,30,65.1
S0284,Nike,Running,141,25,105.75
S0285,Clarks,Sandals,177,20,141.6
S0286,Reebok,Casual,137,20,109.6
S0287,HushPuppies,Formal,197,15,167.45
S0288,Clarks,Running,161,10,144.9
S0289,Converse,Casual,189,10,170.1
S0290,HushPuppies,Sports,180,15,153.0
S0291,Puma,Formal,126,15,107.1
S0292,Clarks,Sports,173,0,173.0
S0293,Woodland,Sandals,167,10,150.3
S0294,Converse,Training,189,15,160.65
S0295,Clarks,Sandals,152,30,106.4
S0296,Puma,Running,171,20,136.8
S0297,Adidas,Training,141,30,98.7
S0298,HushPuppies,Sandals,180,15,153.0
S0299,Puma,Formal,75,30,52.5
S0300,Vans,Formal,115,25,86.25
S0301,HushPuppies,Training,191,25,143.25
S0302,Woodland,Running,116,25,87.0
S0303,Reebok,Casual,165,0,165.0
S0304,Vans,Sandals,72,0,72.0
S0305,Nike,Running,159,0,159.0
S0306,Adidas,Sports,97,20,77.6
S0307,Converse,Sandals,97,10,87.3
S0308,Reebok,Formal,152,30,106.4
S0309,Woodland,Running,158,20,126.4
S0310,Adidas,Formal,177,0,177.0
S0311,Clarks,Sports,158,15,134.3
S0312,Adidas,Formal,148,10,133.2
S0313,HushPuppies,Sneakers,164,30,114.8
S0314,Puma,Casual,117,30,81.9
S0315,Adidas,Sneakers,90,15,76.5
S0316,Reebok,Sports,177,0,177.0
S0317,Woodland,Casual,139,25,104.25
S0318,Puma,Sports,178,15,151.3
S0319,Reebok,Running,116,0,116.0
S0320,Vans,Training,123,15,104.55
S0321,Puma,Sandals,120,20,96.0
S0322,Vans,Sports,96,15,81.6
S0323,Woodland,Sports,126,0,126.0
S0324,Clarks,Formal,66,25,49.5
S0325,Nike,Sandals,108,25,81.0
S0326,Woodland,Training,76,25,57.0
S0327,Reebok,Casual,129,20,103.2
S0328,Adidas,Casual,136,20,108.8
S0329,HushPuppies,Casual,72,10,64.8
S0330,Woodland,Sandals,160,25,120.0
S0331,Vans,Running,145,15,123.25
S0332,Adidas,Casual,137,15,116.45
S0333,Clarks,Sports,56,10,50.4
S0334,Converse,Running,185,0,185.0
S0335,Converse,Running,99,20,79.2
S0336,HushPuppies,Formal,132,0,132.0
S0337,Reebok,Running,95,0,95.0
S0338,Vans,Running,89,15,75.65
S0339,HushPuppies,Formal,63,15,53.55
S0340,HushPuppies,Sneakers,166,10,149.4
S0341,Adidas,Casual,168,25,126.0
S0342,Reebok,Formal,154,25,115.5
S0343,Adidas,Sports,188,15,159.8
S0344,Converse,Sandals,83,20,66.4
S0345,Reebok,Sports,152,25,114.0
S0346,HushPuppies,Running,180,25,135.0
S0347,Reebok,Sneakers,173,15,147.05
S0348,Woodland,Casual,108,25,81.0
S0349,Nike,Casual,125,25,93.75
S0350,Adidas,Sports,152,30,106.4
S0351,HushPuppies,Casual,157,10,141.3
S0352,Converse,Sneakers,192,10,172.8
S0353,Clarks,Sneakers,133,30,93.1
S0354,Clarks,Sports,106,30,74.2
S0355,HushPuppies,Casual,76,20,60.8
S0356,Reebok,Training,62,15,52.7
S0357,Woodland,Sandals,178,20,142.4
S0358,Converse,Casual,50,0,50.0
S0359,Vans,Formal,88,20,70.4
S0360,Adidas,Casual,110,25,82.5
S0361,HushPuppies,Running,182,30,127.4
S0362,Reebok,Running,179,10,161.1
S0363,Adidas,Casual,101,10,90.9
S0364,Clarks,Sneakers,70,0,70.0
S0365,HushPuppies,Sports,168,20,134.4
S0366,Reebok,Training,66,10,59.4
S0367,Nike,Formal,110,20,88.0
S0368,Nike,Sandals,75,25,56.25
S0369,Clarks,Sandals,99,25,74.25
S0370,Reebok,Sports,152,15,129.2
S0371,Puma,Formal,195,10,175.5
S0372,Woodland,Training,119,15,101.15
S0373,Clarks,Training,162,30,113.4
S0374,Nike,Sandals,136,15,115.6
S0375,Reebok,Running,116,15,98.6
S0376,Woodland,Training,189,15,160.65
S0377,Reebok,Running,118,25,88.5
S0378,HushPuppies,Sneakers,165,30,115.5
S0379,HushPuppies,Casual,145,0,145.0
S0380,HushPuppies,Running,88,10,79.2
S0381,Adidas,Training,113,10,101.7
S0382,HushPuppies,Running,185,10,166.5
S0383,HushPuppies,Formal,71,25,53.25
S0384,Converse,Running,111,0,111.0
S0385,Clarks,Casual,54,25,40.5
S0386,Clarks,Sports,70,30,49.0
S0387,Nike,Training,129,20,103.2
S0388,Adidas,Casual,60,25,45.0
S0389,Puma,Sports,108,30,75.6
S0390,Clarks,Running,67,25,50.25
S0391,Vans,Running,185,15,157.25
S0392,Reebok,Training,166,15,141.1
S0393,Converse,Sports,101,25,75.75
S0394,Reebok,Sports,96,0,96.0
S0395,Adidas,Sports,78,10,70.2
S0396,Vans,Sports,56,30,39.2
S0397,Nike,Formal,151,10,135.9
S0398,Reebok,Casual,99,15,84.15
S0399,Converse,Training,139,15,118.15
S0400,Clarks,Casual,144,20,115.2
S0401,Reebok,Casual,187,30,130.9
S0402,Vans,Sneakers,50,15,42.5
S0403,HushPuppies,Formal,87,20,69.6
S0404,Puma,Formal,179,30,125.3
S0405,HushPuppies,Running,163,10,146.7
S0406,HushPuppies,Training,57,0,57.0
S0407,Clarks,Training,183,15,155.55
S0408,Converse,Sports,79,25,59.25
S0409,Adidas,Casual,200,15,170.0
S0410,Adidas,Sports,158,30,110.6
S0411,Converse,Sandals,60,25,45.0
S0412,Vans,Casual,103,15,87.55
S0413,HushPuppies,Casual,73,30,51.1
S0414,Vans,Sneakers,56,15,47.6
S0415,Vans,Training,176,10,158.4
S0416,Reebok,Training,164,25,123.0
S0417,Clarks,Sandals,134,25,100.5
S0418,Reebok,Training,177,0,177.0
S0419,Adidas,Formal,145,0,145.0
S0420,Nike,Running,175,10,157.5
S0421,Reebok,Casual,156,25,117.0
S0422,Puma,Casual,149,30,104.3
S0423,HushPuppies,Sandals,121,20,96.8
S0424,Converse,Sneakers,130,25,97.5
S0425,Nike,Formal,85,25,63.75
S0426,Vans,Running,94,25,70.5
S0427,Clarks,Formal,148,25,111.0
S0428,Converse,Sandals,174,20,139.2
S0429,Puma,Training,69,15,58.65
S0430,HushPuppies,Sports,152,0,152.0
S0431,Woodland,Sandals,178,20,142.4
S0432,Nike,Casual,113,10,101.7
S0433,Puma,Sandals,169,0,169.0
S0434,Woodland,Casual,200,0,200.0
S0435,Woodland,Running,190,30,133.0
S0436,HushPuppies,Formal,67,10,60.3
S0437,Vans,Sports,129,25,96.75
S0438,Woodland,Casual,130,15,110.5
S0439,Woodland,Training,165,0,165.0
S0440,Clarks,Casual,62,10,55.8
S0441,Converse,Running,137,0,137.0
S0442,Nike,Casual,128,0,128.0
S0443,Reebok,Running,152,10,136.8
S0444,Nike,Sports,79,10,71.1
S0445,Reebok,Formal,119,0,119.0
S0446,Puma,Formal,187,25,140.25
S0447,HushPuppies,Training,160,0,160.0
S0448,HushPuppies,Sneakers,131,25,98.25
S0449,Puma,Running,92,30,64.4
S0450,Puma,Formal,63,25,47.25
S0451,Woodland,Formal,136,30,95.2
S0452,HushPuppies,Sandals,66,20,52.8
S0453,Woodland,Sandals,61,25,45.75
S0454,Vans,Sports,75,25,56.25
S0455,Puma,Casual,140,20,112.0
S0456,Vans,Sneakers,85,0,85.0
S0457,Puma,Casual,63,10,56.7
S0458,Vans,Sneakers,118,25,88.5
S0459,Adidas,Casual,154,0,154.0
S0460,Woodland,Sandals,137,0,137.0
S0461,Puma,Training,142,15,120.7
S0462,HushPuppies,Running,54,30,37.8
S0463,Reebok,Running,121,30,84.7
S0464,Adidas,Casual,108,25,81.0
S0465,HushPuppies,Casual,143,10,128.7
S0466,Clarks,Sneakers,92,25,69.0
S0467,Reebok,Training,181,15,153.85
S0468,Woodland,Training,102,20,81.6
S0469,Adidas,Running,191,0,191.0
S0470,Reebok,Training,140,30,98.0
S0471,Clarks,Running,158,15,134.3
S0472,Clarks,Formal,58,15,49.3
S0473,Nike,Sandals,51,30,35.7
S0474,Woodland,Training,84,25,63.0
S0475,Clarks,Sports,86,20,68.8
S0476,Clarks,Sneakers,200,25,150.0
S0477,Reebok,Running,145,10,130.5
S0478,Puma,Sandals,105,0,105.0
S0479,HushPuppies,Sandals,61,10,54.9
S0480,Puma,Casual,66,0,66.0
S0481,Puma,Training,90,10,81.0
S0482,Puma,Training,158,15,134.3
S0483,Vans,Sandals,131,30,91.7
S0484,Nike,Sandals,80,30,56.0
S0485,Clarks,Sneakers,131,15,111.35
S0486,Reebok,Sneakers,118,30,82.6
S0487,Woodland,Training,103,10,92.7
S0488,HushPuppies,Sports,85,20,68.0
S0489,Reebok,Sneakers,162,0,162.0
S0490,Woodland,Running,132,10,118.8
S0491,Puma,Sneakers,53,10,47.7
S0492,Nike,Running,151,20,120.8
S0493,Clarks,Formal,95,15,80.75
S0494,Reebok,Casual,108,30,75.6
S0495,Nike,Sports,62,10,55.8
S0496,Vans,Casual,180,0,180.0
S0497,Clarks,Running,193,15,164.05
S0498,HushPuppies,Sandals,98,0,98.0
S0499,Adidas,Casual,198,0,198.0
S0500,Nike,Casual,191,10,171.9
S0501,HushPuppies,Training,73,25,54.75
S0502,HushPuppies,Training,146,10,131.4
S0503,Puma,Training,108,30,75.6
S0504,HushPuppies,Sports,187,0,187.0
S0505,Puma,Sneakers,147,0,147.0
S0506,Puma,Running,64,10,57.6
S0507,Adidas,Sneakers,169,0,169.0
S0508,Puma,Sports,187,25,140.25
S0509,Vans,Casual,140,0,140.0
S0510,Puma,Sandals,142,0,142.0
S0511,Vans,Running,76,0,76.0
S0512,Vans,Sports,177,25,132.75
S0513,Clarks,Running,157,15,133.45
S0514,Vans,Formal,118,0,118.0
S0515,Clarks,Formal,192,10,172.8
S0516,Converse,Casual,130,20,104.0
S0517,Vans,Running,179,25,134.25
S0518,Reebok,Sandals,149,15,126.65
S0519,HushPuppies,Formal,181,20,144.8
S0520,HushPuppies,Sneakers,118,25,88.5
S0521,Nike,Casual,129,10,116.1
S0522,Vans,Formal,70,15,59.5
S0523,Woodland,Running,125,25,93.75
S0524,Vans,Sports,59,30,41.3
S0525,Converse,Sneakers,121,15,102.85
S0526,Adidas,Sandals,188,25,141.0
S0527,Converse,Sports,88,15,74.8
S0528,Adidas,Sports,123,25,92.25
S0529,Vans,Formal,126,30,88.2
S0530,Nike,Running,132,0,132.0
S0531,Converse,Casual,102,15,86.7
S0532,Clarks,Running,150,15,127.5
S0533,Clarks,Training,82,10,73.8
S0534,Vans,Running,196,15,166.6
S0535,Vans,Training,86,25,64.5
S0536,HushPuppies,Training,176,15,149.6
S0537,Adidas,Formal,131,25,98.25
S0538,HushPuppies,Sandals,171,20,136.8
S0539,Woodland,Running,82,10,73.8
S0540,Vans,Training,93,15,79.05
S0541,Puma,Training,80,30,56.0
S0542,Vans,Sandals,158,0,158.0
S0543,Reebok,Training,136,25,102.0
S0544,Puma,Sandals,79,20,63.2
S0545,Converse,Training,94,10,84.6
S0546,Adidas,Sandals,97,0,97.0
S0547,Reebok,Formal,99,20,79.2
S0548,Adidas,Formal,72,30,50.4
S0549,Vans,Running,71,30,49.7
S0550,Adidas,Sandals,68,0,68.0
S0551,Puma,Training,174,25,130.5
S0552,Adidas,Sandals,173,20,138.4
S0553,Converse,Sandals,55,15,46.75
S0554,HushPuppies,Sneakers,166,25,124.5
S0555,Puma,Running,189,0,189.0
S0556,Clarks,Formal,162,0,162.0
S0557,Nike,Sandals,95,30,66.5
S0558,Adidas,Running,65,15,55.25
S0559,Nike,Sports,122,10,109.8
S0560,Clarks,Formal,129,25,96.75
S0561,HushPuppies,Casual,119,10,107.1
S0562,Puma,Sneakers,182,0,182.0
S0563,Puma,Sandals,124,25,93.0
S0564,Converse,Casual,197,20,157.6
S0565,Clarks,Sneakers,166,15,141.1
S0566,Adidas,Training,72,25,54.0
S0567,Puma,Sports,78,0,78.0
S0568,Nike,Sports,95,0,95.0
S0569,Adidas,Running,83,30,58.1
S0570,Adidas,Sneakers,86,30,60.2
S0571,Clarks,Sneakers,53,30,37.1
S0572,Converse,Sandals,179,15,152.15
S0573,Puma,Sandals,69,15,58.65
S0574,Puma,Sports,72,25,54.0
S0575,Converse,Casual,77,30,53.9
S0576,Nike,Sneakers,143,0,143.0
S0577,Converse,Sports,178,10,160.2
S0578,Adidas,Casual,122,10,109.8
S0579,Vans,Sports,127,20,101.6
S0580,Adidas,Casual,198,20,158.4
S0581,Puma,Sandals,82,10,73.8
S0582,HushPuppies,Sandals,86,10,77.4
S0583,Converse,Training,198,25,148.5
S0584,Clarks,Running,128,20,102.4
S0585,Reebok,Sneakers,70,0,70.0
S0586,HushPuppies,Sandals,125,25,93.75
S0587,Woodland,Sneakers,54,20,43.2
S0588,Puma,Running,121,30,84.7
S0589,Converse,Casual,176,20,140.8
S0590,Converse,Sandals,87,10,78.3
S0591,HushPuppies,Sneakers,123,20,98.4
S0592,Vans,Formal,174,30,121.8
S0593,Converse,Casual,77,0,77.0
S0594,Puma,Formal,79,15,67.15
S0595,Woodland,Training,170,30,119.0
S0596,Nike,Sandals,114,20,91.2
S0597,Adidas,Sandals,192,15,163.2
S0598,Woodland,Casual,199,25,149.25
S0599,HushPuppies,Casual,118,30,82.6
S0600,Woodland,Running,73,10,65.7
S0601,Vans,Sneakers,128,10,115.2
S0602,HushPuppies,Formal,130,25,97.5
S0603,Clarks,Sandals,100,10,90.0
S0604,Woodland,Sandals,87,15,73.95
S0605,HushPuppies,Running,199,15,169.15
S0606,Adidas,Training,56,15,47.6
S0607,Puma,Sneakers,149,15,126.65
S0608,HushPuppies,Casual,92,15,78.2
S0609,Woodland,Running,159,10,143.1
S0610,Adidas,Sneakers,82,30,57.4
S0611,Nike,Sports,189,30,132.3
S0612,Nike,Sneakers,147,25,110.25
S0613,Puma,Sports,134,0,134.0
S0614,HushPuppies,Casual,115,15,97.75
S0615,Adidas,Sandals,137,25,102.75
S0616,Puma,Running,176,20,140.8
S0617,Reebok,Sports,155,20,124.0
S0618,Puma,Formal,115,10,103.5
S0619,Reebok,Formal,94,0,94.0
S0620,HushPuppies,Training,177,0,177.0
S0621,Woodland,Sports,76,10,68.4
S0622,Puma,Formal,192,30,134.4
S0623,Vans,Running,160,15,136.0
S0624,Puma,Training,137,25,102.75
S0625,HushPuppies,Sandals,138,15,117.3
S0626,Vans,Training,141,30,98.7
S0627,Adidas,Formal,93,15,79.05
S0628,Clarks,Training,152,30,106.4
S0629,Nike,Casual,165,15,140.25
S0630,Reebok,Running,108,30,75.6
S0631,Adidas,Casual,198,30,138.6
S0632,Clarks,Sneakers,51,15,43.35
S0633,Converse,Sneakers,193,25,144.75
S0634,Puma,Casual,96,25,72.0
S0635,Nike,Casual,100,15,85.0
S0636,Reebok,Sports,79,15,67.15
S0637,HushPuppies,Sandals,57,10,51.3
S0638,Vans,Sports,86,15,73.1
S0639,Puma,Sports,186,25,139.5
S0640,Converse,Sneakers,187,0,187.0
S0641,Vans,Sandals,168,25,126.0
S0642,Vans,Sports,55,10,49.5
S0643,Nike,Sandals,153,20,122.4
S0644,Puma,Sports,129,0,129.0
S0645,Converse,Formal,200,0,200.0
S0646,Adidas,Formal,50,15,42.5
S0647,Nike,Running,172,30,120.4
S0648,Reebok,Sports,80,10,72.0
S0649,HushPuppies,Training,191,30,133.7
S0650,Adidas,Training,144,0,144.0
S0651,Converse,Training,161,10,144.9
S0652,Reebok,Running,53,25,39.75
S0653,Clarks,Casual,106,0,106.0
S0654,Woodland,Sandals,136,0,136.0
S0655,Vans,Formal,146,15,124.1
S0656,Nike,Training,76,20,60.8
S0657,Clarks,Running,183,0,183.0
S0658,Clarks,Sneakers,55,10,49.5
S0659,Converse,Training,186,20,148.8
S0660,HushPuppies,Casual,123,10,110.7
S0661,Clarks,Sneakers,99,25,74.25
S0662,Clarks,Training,73,15,62.05
S0663,HushPuppies,Casual,171,25,128.25
S0664,Puma,Sandals,75,10,67.5
S0665,HushPuppies,Formal,121,20,96.8
S0666,Puma,Casual,164,25,123.0
S0667,Converse,Sneakers,69,15,58.65
S0668,Clarks,Sandals,104,30,72.8
S0669,Converse,Sandals,141,20,112.8
S0670,Puma,Sports,89,15,75.65
S0671,Reebok,Training,63,10,56.7
S0672,Woodland,Formal,69,30,48.3
S0673,Converse,Sneakers,114,25,85.5
S0674,Vans,Training,196,10,176.4
S0675,Woodland,Formal,65,20,52.0
S0676,Reebok,Sandals,169,30,118.3
S0677,Reebok,Sandals,59,15,50.15
S0678,Reebok,Sandals,177,25,132.75
S0679,HushPuppies,Sneakers,169,10,152.1
S0680,Woodland,Running,84,25,63.0
S0681,Nike,Training,72,25,54.0
S0682,Nike,Running,98,25,73.5
S0683,Clarks,Sports,174,20,139.2
S0684,Converse,Training,161,25,120.75
S0685,HushPuppies,Training,114,0,114.0
S0686,Puma,Sneakers,142,10,127.8
S0687,Adidas,Training,193,20,154.4
S0688,Converse,Sneakers,64,0,64.0
S0689,HushPuppies,Casual,109,15,92.65
S0690,Woodland,Sneakers,162,25,121.5
S0691,Adidas,Running,86,0,86.0
S0692,Converse,Sports,141,20,112.8
S0693,Nike,Sports,137,0,137.0
S0694,Converse,Sneakers,58,25,43.5
S0695,HushPuppies,Running,51,10,45.9
S0696,Woodland,Training,173,10,155.7
S0697,Vans,Training,146,30,102.2
S0698,Puma,Casual,54,10,48.6
S0699,Nike,Casual,94,10,84.6
S0700,Converse,Training,189,25,141.75
S0701,Puma,Training,71,15,60.35
S0702,Clarks,Formal,197,30,137.9
S0703,Reebok,Sandals,80,30,56.0
S0704,Woodland,Training,167,0,167.0
S0705,HushPuppies,Sneakers,115,10,103.5
S0706,HushPuppies,Running,185,0,185.0
S0707,Vans,Running,185,10,166.5
S0708,HushPuppies,Sandals,112,25,84.0
S0709,Adidas,Sandals,162,10,145.8
S0710,Converse,Sandals,73,25,54.75
S0711,Vans,Sandals,70,30,49.0
S0712,Adidas,Sports,150,20,120.0
S0713,Vans,Sports,54,20,43.2
S0714,Puma,Sneakers,118,10,106.2
S0715,Nike,Sneakers,192,0,192.0
S0716,Puma,Running,161,30,112.7
S0717,Reebok,Training,144,20,115.2
S0718,Clarks,Training,159,15,135.15
S0719,Nike,Casual,122,20,97.6
S0720,Woodland,Training,137,15,116.45
S0721,Reebok,Running,200,20,160.0
S0722,Nike,Running,129,30,90.3
S0723,Adidas,Sports,109,0,109.0
S0724,Vans,Training,179,30,125.3
S0725,Woodland,Training,164,30,114.8
S0726,Nike,Sports,111,0,111.0
S0727,Adidas,Training,197,30,137.9
S0728,Woodland,Training,120,10,108.0
S0729,Adidas,Running,104,20,83.2
S0730,Nike,Training,162,0,162.0
S0731,Clarks,Casual,114,20,91.2
S0732,Reebok,Casual,111,25,83.25
S0733,Nike,Training,182,20,145.6
S0734,Adidas,Sandals,177,25,132.75
S0735,Reebok,Training,158,20,126.4
S0736,HushPuppies,Casual,145,15,123.25
S0737,Woodland,Casual,51,10,45.9
S0738,Adidas,Casual,56,20,44.8
S0739,Clarks,Casual,72,30,50.4
S0740,Puma,Sandals,123,25,92.25
S0741,HushPuppies,Sneakers,166,25,124.5
S0742,Puma,Casual,166,20,132.8
S0743,Woodland,Casual,81,30,56.7
S0744,Nike,Sports,189,20,151.2
S0745,Vans,Running,86,0,86.0
S0746,HushPuppies,Sandals,102,15,86.7
S0747,Reebok,Training,70,25,52.5
S0748,Vans,Training,93,30,65.1
S0749,Clarks,Casual,139,15,118.15
S0750,Converse,Sandals,161,25,120.75
S0751,HushPuppies,Sandals,64,20,51.2
S0752,Converse,Sports,56,10,50.4
S0753,Adidas,Sneakers,87,15,73.95
S0754,Reebok,Formal,75,20,60.0
S0755,Vans,Training,165,30,115.5
S0756,Woodland,Formal,176,10,158.4
S0757,Reebok,Sandals,118,15,100.3
S0758,HushPuppies,Sandals,154,0,154.0
S0759,Adidas,Sports,142,25,106.5
S0760,Vans,Sneakers,59,20,47.2
S0761,Vans,Sports,94,30,65.8
S0762,Woodland,Formal,198,0,198.0
S0763,Converse,Formal,72,0,72.0
S0764,Clarks,Sports,90,25,67.5
S0765,Woodland,Sports,165,10,148.5
S0766,Woodland,Formal,123,20,98.4
S0767,Clarks,Sports,169,15,143.65
S0768,Converse,Training,122,10,109.8
S0769,Woodland,Formal,94,0,94.0
S0770,Woodland,Sneakers,196,15,166.6
S0771,Puma,Formal,159,15,135.15
S0772,Reebok,Sports,199,15,169.15
S0773,Vans,Training,172,20,137.6
S0774,Adidas,Sports,115,20,92.0
S0775,Adidas,Formal,192,20,153.6
S0776,HushPuppies,Training,94,30,65.8
S0777,Adidas,Sandals,53,25,39.75
S0778,Nike,Sandals,58,25,43.5
S0779,Converse,Training,135,25,101.25
S0780,Vans,Sandals,198,10,178.2
S0781,Puma,Sports,52,20,41.6
S0782,Adidas,Training,152,15,129.2
S0783,Vans,Formal,63,15,53.55
S0784,Vans,Training,60,0,60.0
S0785,Adidas,Formal,186,10,167.4
S0786,Woodland,Formal,101,15,85.85
S0787,Puma,Sandals,149,20,119.2
S0788,Vans,Sandals,57,30,39.9
S0789,Clarks,Sandals,65,30,45.5
S0790,Nike,Sandals,143,15,121.55
S0791,Reebok,Casual,121,20,96.8
S0792,Adidas,Casual,198,0,198.0
S0793,Puma,Training,188,15,159.8
S0794,Woodland,Training,193,15,164.05
S0795,Reebok,Training,180,15,153.0
S0796,Adidas,Training,179,20,143.2
S0797,Adidas,Sports,70,0,70.0
S0798,Converse,Sneakers,200,10,180.0
S0799,Clarks,Running,82,30,57.4
S0800,Converse,Formal,108,20,86.4
S0801,Vans,Sneakers,90,0,90.0
S0802,Reebok,Sneakers,193,30,135.1
S0803,Nike,Casual,145,30,101.5
S0804,Converse,Casual,97,20,77.6
S0805,Nike,Sports,97,15,82.45
S0806,Nike,Formal,162,0,162.0
S0807,Converse,Sandals,85,0,85.0
S0808,Clarks,Formal,199,10,179.1
S0809,Puma,Sandals,92,0,92.0
S0810,Puma,Casual,84,0,84.0
S0811,Vans,Sports,165,10,148.5
S0812,Woodland,Formal,144,25,108.0
S0813,Vans,Formal,88,30,61.6
S0814,Woodland,Formal,154,25,115.5
S0815,Woodland,Formal,149,30,104.3
S0816,Converse,Sneakers,84,20,67.2
S0817,Vans,Running,65,20,52.0
S0818,Reebok,Running,185,15,157.25
S0819,Adidas,Running,171,15,145.35
S0820,HushPuppies,Sandals,158,30,110.6
S0821,Reebok,Running,152,25,114.0
S0822,Clarks,Sandals,65,10,58.5
S0823,Clarks,Sneakers,75,10,67.5
S0824,Woodland,Sandals,94,0,94.0
S0825,Reebok,Running,133,0,133.0
S0826,Clarks,Sports,138,30,96.6
S0827,Woodland,Sandals,117,30,81.9
S0828,Adidas,Running,199,30,139.3
S0829,Adidas,Running,139,15,118.15
S0830,Clarks,Training,54,0,54.0
S0831,Reebok,Sports,118,30,82.6
S0832,Clarks,Running,163,10,146.7
S0833,Reebok,Casual,170,0,170.0
S0834,Vans,Sandals,178,20,142.4
S0835,Nike,Casual,94,20,75.2
S0836,Clarks,Casual,61,0,61.0
S0837,Puma,Casual,60,25,45.0
S0838,HushPuppies,Training,196,30,137.2
S0839,Woodland,Sandals,129,10,116.1
S0840,Puma,Sports,172,30,120.4
S0841,HushPuppies,Training,166,15,141.1
S0842,Converse,Running,89,0,89.0
S0843,Vans,Formal,95,10,85.5
S0844,Reebok,Sandals,179,30,125.3
S0845,Woodland,Casual,187,0,187.0
S0846,Converse,Running,113,20,90.4
S0847,Vans,Casual,120,10,108.0
S0848,Converse,Casual,200,30,140.0
S0849,HushPuppies,Formal,101,30,70.7
S0850,Woodland,Training,77,0,77.0
S0851,Woodland,Casual,70,10,63.0
S0852,Adidas,Sandals,170,15,144.5
S0853,Nike,Sports,119,15,101.15
S0854,Puma,Formal,173,30,121.1
S0855,Reebok,Casual,61,0,61.0
S0856,Vans,Sandals,192,25,144.0
S0857,Vans,Formal,80,30,56.0
S0858,Vans,Sandals,108,30,75.6
S0859,Reebok,Training,51,0,51.0
S0860,Vans,Running,198,10,178.2
S0861,Woodland,Training,176,25,132.0
S0862,Reebok,Sneakers,107,15,90.95
S0863,Vans,Running,88,25,66.0
S0864,Nike,Sports,152,10,136.8
S0865,Converse,Casual,168,20,134.4
S0866,Puma,Formal,145,10,130.5
S0867,Nike,Running,172,10,154.8
S0868,Nike,Formal,91,10,81.9
S0869,Adidas,Sneakers,172,15,146.2
S0870,HushPuppies,Sports,121,15,102.85
S0871,Nike,Sandals,165,15,140.25
S0872,Adidas,Formal,166,10,149.4
S0873,Puma,Sports,181,30,126.7
S0874,Vans,Sports,113,10,101.7
S0875,Woodland,Running,109,15,92.65
S0876,Vans,Sandals,160,15,136.0
S0877,Nike,Formal,90,30,63.0
S0878,Puma,Training,159,10,143.1
S0879,HushPuppies,Sandals,79,0,79.0
S0880,HushPuppies,Sandals,135,0,135.0
S0881,Adidas,Training,153,25,114.75
S0882,Adidas,Sneakers,186,20,148.8
S0883,Converse,Sports,128,20,102.4
S0884,HushPuppies,Running,156,0,156.0
S0885,Reebok,Running,51,20,40.8
S0886,Puma,Training,175,10,157.5
S0887,Adidas,Sandals,66,25,49.5
S0888,Clarks,Sandals,134,30,93.8
S0889,Vans,Training,54,20,43.2
S0890,Clarks,Running,84,15,71.4
S0891,Reebok,Sandals,132,30,92.4
S0892,Reebok,Sports,105,15,89.25
S0893,HushPuppies,Formal,88,0,88.0
S0894,Vans,Sandals,136,10,122.4
S0895,Converse,Casual,143,10,128.7
S0896,Puma,Sneakers,147,15,124.95
S0897,Converse,Casual,136,10,122.4
S0898,Clarks,Training,186,0,186.0
S0899,HushPuppies,Sports,114,30,79.8
S0900,Vans,Training,74,25,55.5
S0901,Vans,Training,192,15,163.2
S0902,Reebok,Sports,64,20,51.2
S0903,Nike,Sports,51,20,40.8
S0904,Clarks,Sandals,102,30,71.4
S0905,Nike,Training,60,25,45.0
S0906,HushPuppies,Sneakers,166,10,149.4
S0907,Clarks,Training,175,30,122.5
S0908,HushPuppies,Running,155,25,116.25
S0909,Vans,Sports,127,0,127.0
S0910,Clarks,Sports,134,30,93.8
S0911,Adidas,Formal,64,10,57.6
S0912,Converse,Sneakers,189,20,151.2
S0913,Puma,Training,66,30,46.2
S0914,HushPuppies,Sports,141,30,98.7
S0915,Adidas,Formal,182,0,182.0
S0916,Clarks,Sneakers,82,10,73.8
S0917,Nike,Casual,63,10,56.7
S0918,Vans,Running,95,10,85.5
S0919,Reebok,Sports,125,30,87.5
S0920,HushPuppies,Training,95,15,80.75
S0921,Vans,Casual,149,15,126.65
S0922,Vans,Running,101,20,80.8
S0923,Clarks,Sandals,138,25,103.5
S0924,Reebok,Formal,85,20,68.0
S0925,Converse,Formal,137,20,109.6
S0926,Clarks,Sneakers,50,15,42.5
S0927,Clarks,Running,70,10,63.0
S0928,Converse,Training,150,0,150.0
S0929,HushPuppies,Running,64,0,64.0
S0930,Woodland,Casual,169,25,126.75
S0931,Converse,Sports,185,20,148.0
S0932,Woodland,Casual,164,10,147.6
S0933,Woodland,Sports,136,0,136.0
S0934,Clarks,Running,163,0,163.0
S0935,Vans,Sneakers,170,20,136.0
S0936,Adidas,Formal,194,0,194.0
S0937,Nike,Formal,55,15,46.75
S0938,Puma,Running,108,15,91.8
S0939,Nike,Running,116,10,104.4
S0940,Converse,Casual,71,25,53.25
S0941,Puma,Casual,141,20,112.8
S0942,Adidas,Sneakers,128,10,115.2
S0943,Vans,Sandals,95,10,85.5
S0944,Woodland,Training,168,15,142.8
S0945,Adidas,Running,135,20,108.0
S0946,Reebok,Training,68,0,68.0
S0947,Vans,Sports,100,0,100.0
S0948,Converse,Sandals,173,25,129.75
S0949,Converse,Sandals,113,30,79.1
S0950,Converse,Sneakers,92,10,82.8
S0951,Vans,Sandals,59,30,41.3
S0952,Vans,Training,107,25,80.25
S0953,Puma,Formal,79,15,67.15
S0954,Adidas,Casual,108,20,86.4
S0955,Adidas,Sports,180,25,135.0
S0956,Woodland,Formal,133,30,93.1
S0957,Nike,Casual,108,10,97.2
S0958,Vans,Casual,121,15,102.85
S0959,Nike,Formal,58,20,46.4
S0960,Adidas,Training,176,30,123.2
S0961,Adidas,Training,87,30,60.9
S0962,Vans,Sports,60,0,60.0
S0963,Nike,Sandals,143,10,128.7
S0964,Woodland,Casual,88,10,79.2
S0965,Converse,Casual,143,0,143.0
S0966,Clarks,Training,83,30,58.1
S0967,Converse,Sneakers,178,30,124.6
S0968,Puma,Casual,147,25,110.25
S0969,HushPuppies,Formal,136,10,122.4
S0970,Vans,Formal,182,20,145.6
S0971,Vans,Formal,113,25,84.75
S0972,HushPuppies,Running,134,30,93.8
S0973,Adidas,Casual,174,15,147.9
S0974,Vans,Sandals,199,0,199.0
S0975,Vans,Casual,156,30,109.2
S0976,HushPuppies,Running,125,30,87.5
S0977,HushPuppies,Training,74,20,59.2
S0978,Reebok,Formal,162,25,121.5
S0979,Converse,Sneakers,195,30,136.5
S0980,Vans,Formal,127,15,107.95
S0981,Puma,Sports,102,20,81.6
S0982,HushPuppies,Sports,181,25,135.75
S0983,Nike,Sneakers,149,20,119.2
S0984,Converse,Sneakers,149,15,126.65
S0985,Nike,Training,175,25,131.25
S0986,HushPuppies,Running,55,20,44.0
S0987,Converse,Sports,71,20,56.8
S0988,Nike,Sneakers,192,30,134.4
S0989,Nike,Formal,107,0,107.0
S0990,HushPuppies,Sneakers,95,0,95.0
S0991,Clarks,Sports,193,10,173.7
S0992,Reebok,Formal,122,0,122.0
S0993,Woodland,Casual,112,0,112.0
S0994,Adidas,Running,149,30,104.3
S0995,Woodland,Casual,172,10,154.8
S0996,Adidas,Sneakers,130,15,110.5
S0997,Converse,Sneakers,51,15,43.35
S0998,Reebok,Casual,69,0,69.0
S0999,Vans,Formal,190,0,190.0
S1000,Nike,Formal,155,25,116.25
